{
  "noise_levels": [
    0.0,
    0.05,
    0.1,
    0.15,
    0.2,
    0.3,
    0.4,
    0.5
  ],
  "physics_guided": [
    1.0,
    1.0,
    0.7297297297297297,
    0.44594594594594594,
    0.10810810810810811,
    0.10810810810810811,
    0.10810810810810811,
    0.10810810810810811
  ],
  "baseline": [
    1.0,
    0.3108108108108108,
    0.25675675675675674,
    0.08108108108108109,
    0.12162162162162163,
    0.12162162162162163,
    0.12162162162162163,
    0.10810810810810811
  ]
}