{
  "Clean": 1.0,
  "Seen_Average": [
    1.0,
    0.9819819819819819,
    0.972972972972973,
    0.954954954954955,
    0.9369369369369369
  ],
  "Unseen_Average": [
    0.7387387387387387,
    0.7027027027027027,
    0.5855855855855856,
    0.3783783783783784,
    0.45045045045045046
  ],
  "Breakdown": {
    "Motion Blur": [
      0.990990990990991,
      1.0,
      0.954954954954955,
      0.9099099099099099,
      0.8558558558558559
    ],
    "Salt & Pepper": [
      0.09009009009009009,
      0.12612612612612611,
      0.12612612612612611,
      0.17117117117117117,
      0.15315315315315314
    ],
    "Dead Pixels": [
      0.954954954954955,
      0.8558558558558559,
      0.6666666666666666,
      0.5135135135135135,
      0.3963963963963964
    ],
    "Occlusion": [
      1.0,
      0.990990990990991,
      0.990990990990991,
      0.954954954954955,
      0.954954954954955
    ],
    "Condensation": [
      1.0,
      0.7027027027027027,
      0.3333333333333333,
      0.18018018018018017,
      0.18018018018018017
    ],
    "Strong Noise": [
      0.4594594594594595,
      0.3153153153153153,
      0.1981981981981982,
      0.15315315315315314,
      0.09009009009009009
    ]
  },
  "Robustness_Score_OOD": 0.5711711711711712,
  "Robustness_Gap": 0.4288288288288288
}